{"resourceType":"CodeSystem","id":"DeqmOperationOutcomeCodeSystem","text":{"status":"generated","div":"<div xmlns=\"http://www.w3.org/1999/xhtml\"><p>This code system https://gitlab.mitre.org/awatson/water-closet-ig/CodeSystem/DeqmOperationOutcomeCodeSystem defines the following codes:</p><table class=\"codes\"><tr><td style=\"white-space:nowrap\"><b>Code</b></td><td><b>Display</b></td></tr><tr><td style=\"white-space:nowrap\">NotFound<a name=\"DeqmOperationOutcomeCodeSystem-NotFound\"> </a></td><td>Data Element Not Found</td></tr><tr><td style=\"white-space:nowrap\">Missing<a name=\"DeqmOperationOutcomeCodeSystem-Missing\"> </a></td><td>Missing Data Element</td></tr><tr><td style=\"white-space:nowrap\">Present<a name=\"DeqmOperationOutcomeCodeSystem-Present\"> </a></td><td>Data Element is Present</td></tr><tr><td style=\"white-space:nowrap\">InvalidAttribute<a name=\"DeqmOperationOutcomeCodeSystem-InvalidAttribute\"> </a></td><td>Attribute is Invalid</td></tr><tr><td style=\"white-space:nowrap\">DateInRange<a name=\"DeqmOperationOutcomeCodeSystem-DateInRange\"> </a></td><td>Date is within specified range</td></tr><tr><td style=\"white-space:nowrap\">DateOutOfRange<a name=\"DeqmOperationOutcomeCodeSystem-DateOutOfRange\"> </a></td><td>Date is out of specified range</td></tr><tr><td style=\"white-space:nowrap\">ValueInRange<a name=\"DeqmOperationOutcomeCodeSystem-ValueInRange\"> </a></td><td>Value is within specified range</td></tr><tr><td style=\"white-space:nowrap\">ValueOutOfRange<a name=\"DeqmOperationOutcomeCodeSystem-ValueOutOfRange\"> </a></td><td>Value is out of specified range</td></tr><tr><td style=\"white-space:nowrap\">CountInRange<a name=\"DeqmOperationOutcomeCodeSystem-CountInRange\"> </a></td><td>Count is within specified range</td></tr><tr><td style=\"white-space:nowrap\">CountOutOfRange<a name=\"DeqmOperationOutcomeCodeSystem-CountOutOfRange\"> </a></td><td>Count is out of specified range</td></tr><tr><td style=\"white-space:nowrap\">NotAllowed<a name=\"DeqmOperationOutcomeCodeSystem-NotAllowed\"> </a></td><td>Data Element was not used in care gap calculation due to an external requirement</td></tr></table></div>"},"url":"https://gitlab.mitre.org/awatson/water-closet-ig/CodeSystem/DeqmOperationOutcomeCodeSystem","version":"0.1.0","name":"DeqmOperationOutcomeCodeSystem","title":"DeqmOperationOutcomeCodeSystem","status":"active","date":"2022-03-22T22:37:07-05:00","publisher":"MITRE","contact":[{"name":"MITRE","telecom":[{"system":"url","value":"https://gitlab.mitre.org/awatson/water-closet-ig"}]}],"description":"Codesystem for OperationOutcomes used in DEQM settings.","content":"complete","count":11,"concept":[{"code":"NotFound","display":"Data Element Not Found"},{"code":"Missing","display":"Missing Data Element"},{"code":"Present","display":"Data Element is Present"},{"code":"InvalidAttribute","display":"Attribute is Invalid"},{"code":"DateInRange","display":"Date is within specified range"},{"code":"DateOutOfRange","display":"Date is out of specified range"},{"code":"ValueInRange","display":"Value is within specified range"},{"code":"ValueOutOfRange","display":"Value is out of specified range"},{"code":"CountInRange","display":"Count is within specified range"},{"code":"CountOutOfRange","display":"Count is out of specified range"},{"code":"NotAllowed","display":"Data Element was not used in care gap calculation due to an external requirement"}]}