{
  "resourceType": "ValueSet",
  "id": "DeqmOperationOutcomeValueSet",
  "text": {
    "status": "generated",
    "div": "<div xmlns=\"http://www.w3.org/1999/xhtml\"><p>This value set includes codes based on the following rules:</p><ul><li>Include all codes defined in <a href=\"http://terminology.hl7.org/3.1.0/CodeSystem-operation-outcome.html\"><code>http://terminology.hl7.org/CodeSystem/operation-outcome</code></a></li><li>Import all the codes that are contained in https://awatson.pages.mitre.org/hello-implementation-guide/StructureDefinition-DeqmOperationOutcomeCodeSystem.html</li></ul></div>"
  },
  "url": "https://gitlab.mitre.org/awatson/water-closet-ig/ValueSet/DeqmOperationOutcomeValueSet",
  "version": "0.1.0",
  "name": "DeqmOperationOutcomeValueSet",
  "title": "DeqmOperationOutcomeValueSet",
  "status": "active",
  "date": "2022-03-22T22:37:07-05:00",
  "publisher": "MITRE",
  "contact": [
    {
      "name": "MITRE",
      "telecom": [
        {
          "system": "url",
          "value": "https://gitlab.mitre.org/awatson/water-closet-ig"
        }
      ]
    }
  ],
  "description": "ended valueset for OperationOutcomes used in DEQM settings.",
  "compose": {
    "include": [
      {
        "system": "http://terminology.hl7.org/CodeSystem/operation-outcome"
      },
      {
        "valueSet": [
          "https://awatson.pages.mitre.org/hello-implementation-guide/StructureDefinition-DeqmOperationOutcomeCodeSystem.html"
        ]
      }
    ]
  }
}