<?xml version="1.0" encoding="UTF-8"?>

<CodeSystem xmlns="http://hl7.org/fhir">
  <id value="DeqmOperationOutcomeCodeSystem"/>
  <text>
    <status value="generated"/><div xmlns="http://www.w3.org/1999/xhtml"><p>This code system https://gitlab.mitre.org/awatson/water-closet-ig/CodeSystem/DeqmOperationOutcomeCodeSystem defines the following codes:</p><table class="codes"><tr><td style="white-space:nowrap"><b>Code</b></td><td><b>Display</b></td></tr><tr><td style="white-space:nowrap">NotFound<a name="DeqmOperationOutcomeCodeSystem-NotFound"> </a></td><td>Data Element Not Found</td></tr><tr><td style="white-space:nowrap">Missing<a name="DeqmOperationOutcomeCodeSystem-Missing"> </a></td><td>Missing Data Element</td></tr><tr><td style="white-space:nowrap">Present<a name="DeqmOperationOutcomeCodeSystem-Present"> </a></td><td>Data Element is Present</td></tr><tr><td style="white-space:nowrap">InvalidAttribute<a name="DeqmOperationOutcomeCodeSystem-InvalidAttribute"> </a></td><td>Attribute is Invalid</td></tr><tr><td style="white-space:nowrap">DateInRange<a name="DeqmOperationOutcomeCodeSystem-DateInRange"> </a></td><td>Date is within specified range</td></tr><tr><td style="white-space:nowrap">DateOutOfRange<a name="DeqmOperationOutcomeCodeSystem-DateOutOfRange"> </a></td><td>Date is out of specified range</td></tr><tr><td style="white-space:nowrap">ValueInRange<a name="DeqmOperationOutcomeCodeSystem-ValueInRange"> </a></td><td>Value is within specified range</td></tr><tr><td style="white-space:nowrap">ValueOutOfRange<a name="DeqmOperationOutcomeCodeSystem-ValueOutOfRange"> </a></td><td>Value is out of specified range</td></tr><tr><td style="white-space:nowrap">CountInRange<a name="DeqmOperationOutcomeCodeSystem-CountInRange"> </a></td><td>Count is within specified range</td></tr><tr><td style="white-space:nowrap">CountOutOfRange<a name="DeqmOperationOutcomeCodeSystem-CountOutOfRange"> </a></td><td>Count is out of specified range</td></tr><tr><td style="white-space:nowrap">NotAllowed<a name="DeqmOperationOutcomeCodeSystem-NotAllowed"> </a></td><td>Data Element was not used in care gap calculation due to an external requirement</td></tr></table></div>
  </text>
  <url value="https://gitlab.mitre.org/awatson/water-closet-ig/CodeSystem/DeqmOperationOutcomeCodeSystem"/>
  <version value="0.1.0"/>
  <name value="DeqmOperationOutcomeCodeSystem"/>
  <title value="DeqmOperationOutcomeCodeSystem"/>
  <status value="active"/>
  <date value="2022-03-22T22:37:07-05:00"/>
  <publisher value="MITRE"/>
  <contact>
    <name value="MITRE"/>
    <telecom>
      <system value="url"/>
      <value value="https://gitlab.mitre.org/awatson/water-closet-ig"/>
    </telecom>
  </contact>
  <description value="Codesystem for OperationOutcomes used in DEQM settings."/>
  <content value="complete"/>
  <count value="11"/>
  <concept>
    <code value="NotFound"/>
    <display value="Data Element Not Found"/>
  </concept>
  <concept>
    <code value="Missing"/>
    <display value="Missing Data Element"/>
  </concept>
  <concept>
    <code value="Present"/>
    <display value="Data Element is Present"/>
  </concept>
  <concept>
    <code value="InvalidAttribute"/>
    <display value="Attribute is Invalid"/>
  </concept>
  <concept>
    <code value="DateInRange"/>
    <display value="Date is within specified range"/>
  </concept>
  <concept>
    <code value="DateOutOfRange"/>
    <display value="Date is out of specified range"/>
  </concept>
  <concept>
    <code value="ValueInRange"/>
    <display value="Value is within specified range"/>
  </concept>
  <concept>
    <code value="ValueOutOfRange"/>
    <display value="Value is out of specified range"/>
  </concept>
  <concept>
    <code value="CountInRange"/>
    <display value="Count is within specified range"/>
  </concept>
  <concept>
    <code value="CountOutOfRange"/>
    <display value="Count is out of specified range"/>
  </concept>
  <concept>
    <code value="NotAllowed"/>
    <display value="Data Element was not used in care gap calculation due to an external requirement"/>
  </concept>
</CodeSystem>