[
  {
    "id": "DeqmOperationOutcomeCodeSystem",
    "type": "CodeSystem",
    "url": "https://gitlab.mitre.org/awatson/water-closet-ig/CodeSystem/DeqmOperationOutcomeCodeSystem",
    "version": "0.1.0",
    "name": "DeqmOperationOutcomeCodeSystem"
  },
  {
    "id": "WaterClosetGuide",
    "type": "ImplementationGuide",
    "url": "https://gitlab.mitre.org/awatson/water-closet-ig/ImplementationGuide/WaterClosetGuide",
    "version": "0.1.0",
    "name": "WaterClosetGuide"
  },
  {
    "id": "MyPatient",
    "type": "StructureDefinition",
    "url": "https://gitlab.mitre.org/awatson/water-closet-ig/StructureDefinition/MyPatient",
    "version": "0.1.0",
    "name": "MyPatient"
  },
  {
    "id": "DeqmOperationOutcomeValueSet",
    "type": "ValueSet",
    "url": "https://gitlab.mitre.org/awatson/water-closet-ig/ValueSet/DeqmOperationOutcomeValueSet",
    "version": "0.1.0",
    "name": "DeqmOperationOutcomeValueSet"
  }
]