{
  "resourceType": "Patient",
  "id": "PatientExample",
  "meta": {
    "profile": [
      "https://gitlab.mitre.org/awatson/water-closet-ig/StructureDefinition/MyPatient"
    ]
  },
  "text": {
    "status": "generated",
    "div": "<div xmlns=\"http://www.w3.org/1999/xhtml\"><p><b>Generated Narrative</b></p><div style=\"display: inline-block; background-color: #d9e0e7; padding: 6px; margin: 4px; border: 1px solid #8da1b4; border-radius: 5px; line-height: 60%\"><p style=\"margin-bottom: 0px\">Resource \"PatientExample\" </p><p style=\"margin-bottom: 0px\">Profile: <a href=\"StructureDefinition-MyPatient.html\">MyPatient</a></p></div><p><b>name</b>: James Pond </p></div>"
  },
  "name": [
    {
      "family": "Pond",
      "given": [
        "James"
      ]
    }
  ]
}